Product,Review
iPhone 12,"Great phone with amazing camera quality and fast performance."
Samsung Galaxy S21,"The display is stunning and the battery life is impressive. Highly recommend!"
Sony WH-1000XM4,"These headphones have excellent sound quality and noise cancellation. Love them!"
Amazon Echo Dot,"The smart speaker works flawlessly and the voice recognition is spot on."
Fitbit Charge 4,"The fitness tracker is accurate and the battery lasts for days. Very satisfied with my purchase."
Canon EOS R5,"The camera produces stunning images and the autofocus is lightning fast."
Nintendo Switch,"A versatile gaming console with a wide range of games. Perfect for both casual and hardcore gamers."
Bose QuietComfort 35 II,"The noise cancellation is top-notch and the comfort level is unmatched. Worth every penny."
Dyson V11,"The vacuum cleaner has powerful suction and the battery life is impressive. Highly recommend!"
LG OLED CX,"The picture quality on this TV is simply amazing. The colors are vibrant and the contrast is outstanding."